UserID,FirstName,Phone,City,Address,Password
1,Ahmed Ali,1001234567,Tagamoaa,5 El Nakheel St,ahmed.2005
2,Sara Mohamed,1112345678,Shorouk,12 El Ward St,sarass00
3,Omar Hassan,1223456789,Nasr City,3 Abbas El Akkad,Omar_123
4,Nour Khaled,1534567890,Madinaty,B7 Building 3,nour2004
5,Youssef Tarek,1045678901,Masr El Gdeeda,9 Merghany St,y2026
6,Mariam Samir,1156789012,Tagamoaa,22 South 90 St,mari222
7,Karim Adel,1267890123,Shorouk,7 El Gesr St,kimok
8,Lina Mahmoud,1378901234,Nasr City,14 Makram Ebeid,llina2000
9,Hana Yasser,1489012345,Madinaty,A3 Building 1,Hanzz_
10,Ziad Ramzy,1590123456,Masr El Gdeeda,2 Salah Salem,ramzy999
11,Dina Fathy,1001122334,Tagamoaa,31 North 90 St,dina.pass
12,Amr Saber,1112233445,Shorouk,18 El Safwa St,amrsbr
13,Rania Gamal,1223344556,Nasr City,5 El Hegaz St,rania1990
14,Tamer Nabil,1334455667,Madinaty,C2 Building 5,Tamer_19
15,Aya Sherif,1445566778,Masr El Gdeeda,6 Nasr St,aya_Pass
